RowNumber,CustomerId,Surname,CreditScore,Geography,Gender,Age,Tenure,Balance,NumOfProducts,HasCrCard,IsActiveMember,EstimatedSalary,Exited
1,15721958,Johnson,535,Germany,Male,62,7,60167.63,2,1,1,68906.46,1
2,15746867,Miller,672,Spain,Male,27,0,218576.83,1,0,1,164273.87,1
3,15731932,Smith,405,France,Female,26,4,207655.69,2,1,1,174758.91,0
4,15965838,Smith,389,Spain,Female,71,2,56164.35,4,0,1,137871.55,1
5,15859178,Miller,703,France,Female,44,1,99833.15,3,1,1,18923.24,1
6,15719879,Garcia,389,France,Female,51,7,102418.22,3,0,1,117601.35,1
7,15710268,Johnson,696,Spain,Female,18,2,244555.17,2,0,0,155026.03,0
8,15807892,Garcia,810,Germany,Female,49,6,45222.98,2,1,1,35935.57,0
9,15654886,Brown,586,France,Male,88,10,199789.49,2,1,0,53447.44,0
10,15737337,Smith,638,France,Male,84,0,83548.18,3,0,1,177674.07,0
11,15687498,Smith,611,France,Female,37,5,182717.59,3,1,0,13823.13,0
12,15974871,Jones,565,Germany,Female,52,2,105002.75,1,1,0,153018.16,1
13,15988468,Brown,496,Germany,Male,34,7,144589.94,4,1,1,100016.93,1
14,15775203,Smith,685,Spain,Male,35,5,208152.94,1,0,1,94886.71,0
15,15791335,Brown,517,Germany,Male,62,1,201041.39,4,1,0,11348.34,1
16,15878167,Johnson,441,Spain,Female,70,5,216605.8,1,1,1,165685.66,1
17,15641090,Williams,702,Spain,Female,85,6,14904.33,3,0,1,78366.73,1
18,15929365,Smith,408,Germany,Female,82,4,173012.64,1,1,0,112745.47,1
19,15664820,Jones,408,Spain,Male,18,2,34996.84,4,1,0,138687.13,0
20,15862913,Johnson,653,Germany,Male,75,3,103954.64,2,0,0,143499.62,0
21,15921879,Miller,518,Spain,Female,43,3,137147.1,4,0,1,191636.21,0
22,15794027,Brown,618,Germany,Female,37,5,100684.87,2,1,1,110954.59,1
23,15927069,Miller,712,Germany,Male,27,9,129902.92,3,1,1,85946.71,1
24,15852709,Garcia,394,Spain,Male,76,0,249131.58,4,0,1,191203.69,0
25,15799041,Johnson,694,France,Male,58,10,33804.33,1,0,0,132000.94,0
26,15867455,Miller,530,Spain,Male,22,3,168864.01,4,1,1,66648.57,1
27,15703355,Davis,519,Germany,Female,82,9,99000.24,2,1,0,34028.21,0
28,15835796,Davis,705,France,Male,34,3,33252.45,3,1,1,170085.36,0
29,15814176,Smith,540,Spain,Male,39,9,39684.19,1,0,1,78814.5,1
30,15784779,Brown,504,Spain,Male,58,0,237318.28,4,1,0,135489.25,1
31,15947449,Williams,771,Spain,Female,85,8,219900.37,2,0,1,99455.12,0
32,15858795,Johnson,537,France,Female,86,3,226760.49,1,0,1,47796.66,1
33,15992752,Smith,356,Germany,Male,28,6,247883.19,3,0,0,124320.46,0
34,15756730,Jones,482,Spain,Male,73,2,52078.85,1,1,1,21529.78,1
35,15946622,Garcia,584,Spain,Male,68,9,88859.83,3,1,0,88535.07,1
36,15984681,Brown,394,Spain,Female,38,2,167304.76,1,1,0,113856.84,0
37,15749503,Johnson,663,Spain,Female,43,7,120950.63,4,0,0,92848.93,1
38,15730523,Davis,598,Spain,Female,36,7,104597.38,2,1,0,152247.71,0
39,15602747,Johnson,848,Germany,Male,77,10,89452.81,4,0,1,167305.74,1
40,15723855,Williams,380,Germany,Female,88,0,148445.16,4,0,1,156536.18,0
41,15665725,Davis,372,Spain,Male,64,9,143898.36,3,0,1,17374.46,1
42,15729981,Williams,775,France,Male,88,1,40364.46,3,0,0,46884.47,1
43,15684654,Jones,743,Germany,Male,43,7,117934.96,3,0,1,111955.43,0
44,15981490,Garcia,509,France,Female,57,0,138367.94,4,0,1,187616.19,1
45,15667435,Jones,712,Germany,Male,22,7,142571.73,1,1,1,168641.79,0
46,15919030,Smith,786,Spain,Female,38,7,52526.8,1,0,1,170081.56,1
47,15928947,Smith,507,Germany,Female,21,1,185567.85,4,1,0,67609.56,1
48,15631551,Jones,388,Spain,Male,40,3,6299.77,4,0,0,91595.1,0
49,15978360,Garcia,764,Germany,Male,32,5,88707.96,2,1,1,99434.13,1
50,15873538,Jones,431,Spain,Female,25,10,195053.16,3,1,0,39900.6,1
51,15931236,Garcia,705,Spain,Male,58,8,140973.23,3,1,1,15902.94,0
52,15603890,Garcia,607,Spain,Female,36,7,65290.61,4,1,1,189911.55,1
53,15641606,Miller,555,Spain,Male,63,7,173738.28,4,0,1,55735.39,0
54,15856840,Davis,426,France,Female,45,6,141847.74,1,0,0,55590.29,0
55,15949457,Brown,826,Spain,Female,85,8,199060.9,4,0,1,25842.02,0
56,15741699,Garcia,361,France,Female,32,1,183756.3,1,0,0,186416.47,1
57,15870936,Williams,644,France,Female,54,2,152526.98,4,1,0,120150.05,1
58,15839931,Garcia,799,Spain,Male,18,9,122044.42,2,1,1,136737.0,0
59,15839629,Garcia,573,France,Male,84,7,33295.53,2,1,0,183199.61,1
60,15805041,Garcia,362,Germany,Female,41,5,65333.25,1,0,0,75667.83,0
61,15774073,Miller,395,Spain,Female,44,9,104774.87,3,1,1,128086.39,1
62,15807624,Davis,504,France,Male,57,8,149824.82,2,0,0,17371.9,0
63,15668148,Miller,462,Spain,Male,80,9,128426.96,1,1,0,45486.78,0
64,15852801,Smith,582,Spain,Male,78,3,72046.13,4,1,1,167936.7,1
65,15724243,Miller,366,Spain,Male,53,7,1616.09,4,1,1,155685.99,0
66,15851995,Williams,709,France,Male,41,9,124059.81,1,1,0,76622.11,0
67,15982318,Williams,572,Germany,Male,41,2,71406.5,3,1,1,81594.02,1
68,15754555,Miller,703,Germany,Female,21,2,183652.08,1,0,1,111375.34,0
69,15986502,Davis,537,France,Male,84,7,5986.57,1,1,0,10045.79,0
70,15648555,Jones,797,Spain,Male,51,4,146206.95,2,0,0,55836.42,1
71,15856508,Brown,693,France,Female,74,2,235368.56,1,0,1,49564.04,0
72,15879303,Davis,714,France,Male,66,9,43602.32,1,0,0,57591.76,0
73,15972654,Miller,512,France,Male,70,10,117912.37,4,0,1,163122.11,0
74,15706530,Garcia,845,Spain,Male,40,0,22855.5,2,0,1,63138.03,0
75,15680077,Johnson,675,France,Male,86,2,156420.48,4,0,0,46389.05,0
76,15898064,Brown,816,Spain,Male,70,8,137632.92,4,0,0,105810.06,0
77,15800551,Brown,763,France,Female,79,4,101841.38,3,0,1,174472.56,0
78,15881601,Williams,804,Germany,Male,58,9,130344.26,3,1,1,55856.44,0
79,15808261,Brown,423,France,Female,74,1,224143.66,2,1,1,24921.89,1
80,15840181,Miller,582,France,Female,77,6,49073.58,2,0,1,77716.9,0
81,15941097,Garcia,573,Germany,Male,71,1,5641.13,3,0,0,152053.85,0
82,15915139,Garcia,831,Spain,Female,87,3,215416.22,3,0,1,114631.2,1
83,15771829,Smith,668,Spain,Male,74,6,144279.27,3,1,0,165190.74,0
84,15871836,Garcia,761,France,Female,27,3,222664.61,3,1,0,192322.51,0
85,15802283,Davis,409,Germany,Female,57,6,149236.31,3,0,1,160605.87,0
86,15796769,Garcia,684,Spain,Male,24,6,202540.27,4,0,0,124722.58,0
87,15637065,Williams,571,France,Male,55,0,107418.34,2,1,0,103734.9,0
88,15823165,Garcia,386,Germany,Male,78,5,187464.98,4,1,1,17613.13,0
89,15699299,Smith,826,Spain,Male,20,8,228260.37,4,0,0,197021.18,1
90,15611534,Johnson,627,Spain,Male,68,1,143030.74,1,0,0,82861.41,1
91,15640397,Miller,545,Germany,Female,64,2,45196.29,4,0,1,38923.36,1
92,15857750,Williams,753,Germany,Female,85,9,67199.4,3,0,1,136674.68,1
93,15953531,Davis,701,Germany,Female,55,4,49661.14,3,1,1,64014.77,1
94,15863160,Johnson,833,Germany,Female,53,8,61714.26,1,1,1,121297.87,0
95,15655591,Williams,591,France,Female,58,3,76603.86,1,0,1,121485.9,0
96,15820884,Jones,673,Germany,Female,86,0,138783.45,1,0,1,94688.67,0
97,15623247,Brown,568,Spain,Female,30,3,146997.91,1,0,1,168862.54,0
98,15624300,Jones,541,Spain,Male,75,5,106624.94,1,1,0,60343.74,0
99,15682798,Garcia,366,France,Male,67,4,153855.19,4,0,0,95240.19,1
100,15609268,Johnson,361,Spain,Female,47,0,20393.73,1,0,1,112161.5,1
101,15948951,Garcia,755,Spain,Female,79,3,21947.06,4,0,0,136088.7,0
102,15874329,Brown,750,Germany,Male,42,5,42957.37,2,1,0,158954.65,0
103,15794776,Williams,743,Spain,Male,44,9,129519.37,1,0,1,85013.38,0
104,15817851,Brown,723,France,Male,68,9,53498.67,1,1,0,132748.92,1
105,15836584,Smith,542,Germany,Male,74,3,70821.1,4,0,1,38616.08,1
106,15638044,Brown,371,Germany,Female,64,8,100078.21,2,0,0,187203.14,0
107,15913358,Smith,823,France,Male,56,4,202966.53,4,0,1,82781.17,1
108,15976896,Brown,469,Germany,Female,33,7,3465.53,4,1,0,148609.07,0
109,15648984,Miller,559,Germany,Female,39,8,162344.71,1,0,0,13864.81,1
110,15902918,Smith,655,France,Female,71,9,167219.13,3,0,0,48985.56,1
111,15864712,Johnson,619,Germany,Male,38,4,199663.95,3,1,1,102545.68,0
112,15720151,Garcia,541,France,Male,89,5,233188.23,4,1,0,176867.97,1
113,15733767,Davis,524,France,Female,33,0,5034.46,1,1,0,110178.48,1
114,15724375,Garcia,634,Spain,Female,76,10,38445.93,2,0,1,186675.39,0
115,15779262,Jones,553,Spain,Female,48,6,221542.82,3,1,1,101921.41,1
116,15736330,Garcia,513,Germany,Male,59,3,114629.64,2,0,0,103185.33,0
117,15901648,Williams,600,Germany,Female,91,10,141147.66,3,1,0,32751.89,1
118,15764231,Miller,576,France,Male,49,1,165756.8,1,1,0,162504.69,0
119,15613986,Brown,785,Germany,Female,76,4,169766.65,4,1,0,56923.43,0
120,15661858,Jones,730,France,Female,51,2,232935.1,2,0,1,180926.37,1
121,15729312,Williams,809,France,Female,26,5,249237.35,2,0,0,183056.6,1
122,15612666,Williams,356,Germany,Male,28,7,180039.37,4,0,0,189228.92,0
123,15900804,Smith,378,France,Male,27,6,71805.3,2,0,1,108843.79,1
124,15734633,Garcia,744,Spain,Female,34,2,219938.1,3,0,0,138647.82,1
125,15888998,Johnson,382,Germany,Male,85,7,12305.23,4,0,0,157918.02,1
126,15926649,Davis,483,Spain,Female,65,1,57770.21,3,0,0,34892.78,0
127,15704488,Johnson,716,Germany,Male,69,9,224346.43,3,0,1,124181.87,0
128,15783323,Jones,428,France,Male,42,8,64047.88,1,0,1,16516.6,0
129,15884806,Miller,765,Germany,Male,38,3,55162.76,3,1,0,104537.56,1
130,15870536,Johnson,784,Spain,Female,82,0,34531.32,1,1,0,39420.11,1
131,15630535,Brown,808,France,Male,80,7,214777.94,2,0,1,44755.36,0
132,15975713,Johnson,407,Germany,Male,68,6,125014.56,2,0,0,79359.04,0
133,15914400,Jones,820,Germany,Female,53,10,168723.3,1,0,0,92163.06,1
134,15951279,Davis,375,Germany,Female,83,4,59766.6,3,0,1,128402.76,1
135,15989622,Johnson,831,Spain,Female,32,9,189510.11,4,1,1,24141.4,1
136,15897366,Brown,779,Spain,Female,56,4,190001.39,4,1,1,105701.43,1
137,15677373,Smith,575,Germany,Male,87,6,78149.51,1,0,0,44698.77,0
138,15723684,Miller,634,France,Male,18,4,102670.66,2,1,0,119055.28,1
139,15873109,Jones,353,France,Male,40,7,52422.57,2,1,0,131106.88,1
140,15624538,Smith,814,Spain,Male,56,10,244140.26,4,0,0,115774.76,0
141,15970210,Smith,448,France,Male,74,5,161400.64,1,0,1,150276.15,0
142,15801664,Smith,746,Spain,Female,51,4,233635.97,4,0,0,73765.76,1
143,15975396,Williams,838,Germany,Male,58,8,75846.39,3,0,0,155370.25,0
144,15739182,Miller,388,Spain,Male,90,10,195472.73,3,1,1,92225.75,1
145,15758338,Davis,620,Spain,Male,30,1,191464.66,1,0,1,101995.05,1
146,15784064,Garcia,724,Germany,Female,87,0,172913.91,1,1,0,133139.4,0
147,15814020,Miller,634,France,Female,23,7,241409.74,3,0,1,13488.09,0
148,15698806,Williams,506,Spain,Male,69,2,98388.83,2,1,1,134258.9,1
149,15973133,Garcia,424,Spain,Female,20,10,32679.33,1,0,0,127531.18,0
150,15690982,Miller,721,Germany,Female,80,6,167927.21,3,0,0,68870.95,1
151,15721626,Smith,637,France,Female,66,9,182327.45,3,1,0,26300.91,1
152,15719176,Jones,479,Spain,Female,64,10,143765.14,2,1,0,27277.74,1
153,15993422,Garcia,524,Germany,Female,72,7,51704.47,2,1,1,185412.51,0
154,15818126,Brown,811,Spain,Female,81,5,126113.99,2,0,1,140963.07,1
155,15818969,Brown,433,Germany,Female,82,9,78047.43,2,1,0,34149.5,1
156,15722409,Johnson,371,France,Male,84,8,106866.63,4,1,0,77777.4,1
157,15623419,Garcia,808,France,Male,32,6,161304.64,2,1,1,122571.77,0
158,15853618,Jones,376,France,Female,49,9,186303.69,4,1,0,168758.62,1
159,15845310,Davis,544,France,Male,85,4,58056.17,1,1,0,18295.58,1
160,15650015,Williams,686,Spain,Male,35,7,101331.34,3,1,0,54960.29,1
161,15848550,Smith,731,Spain,Female,60,1,67290.39,4,1,0,179052.31,0
162,15722096,Johnson,585,France,Male,52,6,49657.9,1,1,1,11741.45,1
163,15707059,Brown,789,France,Female,75,3,195846.8,1,1,0,48265.83,1
164,15785340,Williams,441,France,Female,50,8,227313.17,4,0,1,192214.59,0
165,15710687,Williams,826,Spain,Female,31,0,92558.05,1,0,0,126546.35,0
166,15950083,Smith,370,France,Male,51,6,187819.73,1,1,0,59717.56,1
167,15811428,Davis,652,France,Male,78,5,224248.82,4,0,1,22728.31,1
168,15705878,Davis,813,France,Male,21,7,211531.05,1,0,0,15356.35,1
169,15802982,Garcia,706,Germany,Male,76,4,45703.35,2,1,1,56501.57,0
170,15798286,Brown,792,France,Female,46,0,239072.97,2,1,0,177482.31,0
171,15849002,Davis,433,Germany,Female,23,0,94169.11,3,1,0,89023.59,1
172,15850396,Jones,611,Germany,Male,66,8,84810.17,1,1,0,146863.34,0
173,15764899,Davis,496,France,Female,57,9,15607.83,3,1,0,184474.16,1
174,15924767,Williams,790,Germany,Female,82,5,121543.41,2,1,0,87527.69,1
175,15937594,Smith,802,France,Male,86,9,27253.4,2,0,1,46342.7,0
176,15955570,Jones,736,Spain,Female,44,4,62134.96,2,1,1,108252.41,1
177,15979989,Garcia,606,Spain,Male,23,0,79235.66,1,0,0,182535.9,0
178,15643585,Brown,407,Spain,Female,30,5,202206.58,1,1,0,162831.14,0
179,15971369,Garcia,729,Spain,Male,81,5,218872.16,2,1,1,22507.67,1
180,15664044,Williams,771,Germany,Female,79,2,75616.58,3,0,1,141588.83,0
181,15709556,Jones,364,France,Female,36,7,214674.53,3,1,0,118660.53,1
182,15602693,Jones,511,France,Male,60,0,214307.73,4,1,0,182418.0,0
183,15957403,Jones,794,France,Male,91,0,191162.74,2,0,1,33271.47,1
184,15843307,Williams,512,Spain,Male,37,5,36673.78,3,1,0,111466.86,1
185,15800235,Williams,669,Spain,Male,85,9,172580.71,2,0,1,177097.91,1
186,15625939,Garcia,846,France,Female,61,0,236256.02,3,1,0,87904.52,0
187,15752906,Johnson,630,Spain,Female,40,5,170635.12,4,1,1,101579.03,1
188,15618047,Garcia,629,France,Male,19,0,82904.21,4,0,1,23387.53,0
189,15888249,Brown,361,France,Female,39,5,125144.83,2,1,0,62847.29,0
190,15675766,Smith,623,France,Male,74,2,161431.26,3,0,1,71656.26,0
191,15644262,Jones,620,France,Male,89,7,127642.6,1,0,0,189573.27,0
192,15987261,Johnson,841,France,Female,24,5,29988.24,4,0,0,63706.8,0
193,15885920,Smith,557,France,Female,73,10,78016.01,2,1,0,97565.06,1
194,15761152,Johnson,376,France,Male,84,0,200599.01,2,1,0,137547.84,0
195,15728376,Davis,421,Spain,Male,33,4,215354.51,3,0,1,40814.84,1
196,15737848,Davis,409,France,Male,68,7,34325.01,2,1,0,102424.05,1
197,15692787,Miller,779,France,Female,89,2,238096.69,4,1,0,150322.42,0
198,15727948,Davis,822,Spain,Female,29,5,82205.65,2,1,0,174702.49,1
199,15655016,Garcia,494,Spain,Female,70,4,165578.43,2,0,0,128989.26,1
200,15621959,Davis,442,Spain,Female,22,5,187956.29,1,1,1,137120.17,0
201,15736602,Williams,658,France,Male,44,9,202986.56,1,0,0,33993.86,1
202,15825928,Jones,357,Germany,Male,29,0,236437.43,4,1,1,189697.53,0
203,15981245,Garcia,428,Germany,Male,34,6,78229.89,3,1,1,35189.07,0
204,15865892,Smith,376,Spain,Male,23,8,214626.61,1,0,1,157187.86,0
205,15828576,Miller,523,Germany,Male,22,1,32921.73,3,1,0,60315.1,1
206,15613545,Miller,399,Spain,Male,74,9,176260.23,4,0,0,187382.7,1
207,15989803,Miller,849,France,Female,45,4,185494.43,1,1,0,146792.31,1
208,15765838,Smith,548,Germany,Female,86,9,169430.81,3,0,0,153224.61,1
209,15935674,Smith,736,France,Male,76,3,63078.68,1,1,1,51621.24,0
210,15955701,Smith,698,Germany,Male,50,5,218260.79,4,1,1,94177.6,0
211,15661087,Smith,797,France,Female,79,5,42214.62,4,1,0,127384.51,1
212,15668840,Miller,777,Germany,Female,67,10,13408.7,1,0,0,156294.99,0
213,15718451,Miller,530,France,Female,36,1,179366.25,3,0,0,29752.28,1
214,15913149,Johnson,373,France,Female,86,1,118868.93,2,0,0,192849.41,0
215,15639353,Garcia,665,Germany,Male,83,3,212274.5,2,1,0,179141.93,0
216,15793075,Jones,727,France,Male,64,0,95849.29,1,0,0,61366.23,0
217,15814283,Davis,736,France,Male,56,8,42069.65,3,0,0,166324.45,0
218,15914877,Davis,753,France,Male,85,6,209110.55,2,0,1,108481.55,0
219,15665318,Williams,395,Germany,Male,50,6,137227.41,4,0,1,97743.23,1
220,15841025,Miller,364,Germany,Female,30,2,47298.95,3,0,1,69742.48,1
221,15667172,Williams,502,France,Male,71,10,180096.0,2,0,1,120384.03,0
222,15816688,Garcia,571,France,Female,24,2,127778.41,3,0,0,148678.93,1
223,15856951,Garcia,555,Germany,Male,31,0,151078.25,1,0,0,88077.25,0
224,15693264,Williams,804,Germany,Male,36,2,115224.58,3,0,0,129551.65,0
225,15846458,Miller,622,France,Male,71,2,207177.25,2,0,0,142869.46,0
226,15888880,Williams,731,France,Male,37,3,207390.68,1,1,0,145113.15,0
227,15825281,Davis,585,France,Male,46,3,177347.21,3,1,1,19873.56,1
228,15712859,Johnson,689,Spain,Female,41,2,26350.34,4,0,0,173352.08,0
229,15974325,Davis,577,Germany,Female,80,9,209713.47,2,1,1,97068.13,1
230,15994070,Brown,358,Spain,Female,91,7,167753.25,1,1,0,59859.06,0
231,15952228,Miller,515,Germany,Male,74,7,174256.04,3,0,1,55935.26,0
232,15869536,Miller,781,Germany,Male,25,0,90745.71,4,0,0,101772.68,1
233,15917824,Jones,793,Germany,Female,79,6,219819.89,2,0,1,178497.99,0
234,15857426,Smith,668,Germany,Male,46,10,181342.9,4,1,0,81886.04,0
235,15777789,Brown,563,Germany,Male,91,1,28147.62,3,0,0,152447.89,1
236,15818164,Garcia,466,Germany,Female,34,0,101944.51,3,1,0,28395.56,1
237,15913003,Miller,735,Germany,Male,83,2,221595.09,1,0,0,100450.77,1
238,15725657,Williams,693,Spain,Female,23,3,11799.18,4,1,1,198420.37,0
239,15835167,Brown,421,France,Male,75,5,240354.15,1,1,0,156383.18,0
240,15757381,Jones,744,France,Female,86,9,169790.64,2,0,1,50000.41,1
241,15794806,Garcia,413,Spain,Male,45,4,157843.99,1,0,0,105273.88,1
242,15670467,Smith,554,Spain,Male,79,3,67639.81,2,1,1,54388.71,0
243,15783734,Smith,558,Spain,Female,58,7,62197.95,3,1,0,87816.58,0
244,15698506,Jones,421,Spain,Male,86,10,235514.55,3,0,0,158215.96,1
245,15709751,Jones,626,Germany,Male,58,3,74568.11,4,0,1,156532.71,1
246,15981050,Williams,623,France,Female,66,9,193876.32,2,1,0,53339.07,1
247,15887486,Miller,827,Germany,Male,66,1,98280.45,3,0,0,185222.43,1
248,15768229,Smith,669,France,Female,88,2,34813.52,4,1,1,122587.95,0
249,15968452,Garcia,687,France,Male,20,5,2678.82,4,0,0,82185.62,0
250,15706081,Brown,715,Spain,Male,27,7,136064.33,1,0,1,105367.76,0
251,15689045,Garcia,844,Germany,Male,52,7,243944.7,4,0,0,124963.54,0
252,15634698,Johnson,444,Spain,Male,19,10,92284.05,3,1,1,116379.2,1
253,15710078,Johnson,515,Germany,Female,41,8,89298.08,1,0,1,102416.96,0
254,15942767,Jones,381,France,Male,91,6,86022.9,2,1,1,105937.23,1
255,15622671,Williams,360,Spain,Female,55,1,130135.96,2,0,1,43518.26,0
256,15955528,Johnson,650,Spain,Male,39,7,110166.22,3,1,0,164419.25,0
257,15686202,Smith,566,France,Male,43,6,219978.66,3,1,0,112934.46,0
258,15651663,Garcia,638,France,Male,60,7,126380.2,1,0,1,34905.17,1
259,15615708,Garcia,451,France,Male,72,2,126939.46,1,1,0,155569.85,0
260,15954050,Jones,774,Spain,Female,56,6,34592.9,3,1,0,187164.36,1
261,15911955,Miller,741,Germany,Female,46,9,245684.89,3,1,0,189988.31,1
262,15733883,Miller,616,Spain,Female,37,8,62493.22,2,1,1,80113.37,0
263,15918394,Brown,563,Germany,Female,58,2,18341.02,2,0,0,35748.21,1
264,15712547,Jones,528,Spain,Male,71,9,165786.56,2,0,0,108495.93,0
265,15986393,Davis,437,Spain,Female,37,5,148841.59,3,0,1,31395.75,1
266,15634754,Brown,390,France,Female,36,1,103786.41,4,1,0,187457.61,0
267,15826814,Davis,750,Germany,Male,83,1,105548.06,3,1,1,44880.13,1
268,15837714,Miller,425,Spain,Male,47,4,196265.98,3,0,1,58025.51,1
269,15742483,Jones,726,Spain,Male,70,4,48928.16,2,0,1,87260.94,0
270,15733983,Davis,395,France,Male,51,6,205063.33,3,1,0,82801.25,0
271,15814835,Jones,509,France,Female,39,1,162186.78,1,0,0,160985.95,0
272,15684896,Jones,812,Germany,Female,84,10,104742.44,3,0,1,96700.2,0
273,15671295,Miller,429,Spain,Male,23,6,114507.15,3,1,1,42445.97,1
274,15819686,Brown,659,Germany,Male,44,4,64161.8,3,0,1,60769.88,1
275,15962833,Brown,435,Spain,Male,27,5,188028.58,3,1,1,106731.54,1
276,15873255,Jones,441,Germany,Female,90,7,128218.69,4,0,1,38016.24,1
277,15899648,Johnson,497,France,Female,65,9,80213.64,3,1,1,126214.58,0
278,15732874,Williams,510,Spain,Male,87,3,149012.53,1,1,0,117491.99,1
279,15608155,Miller,551,Germany,Male,76,6,248933.61,1,1,1,145793.44,0
280,15901528,Williams,773,France,Female,76,5,108815.57,3,1,1,188163.88,1
281,15974705,Williams,765,France,Male,19,9,230172.85,2,1,1,183328.37,0
282,15647254,Brown,591,Germany,Male,46,1,86254.21,4,0,0,189754.37,0
283,15884062,Brown,702,Spain,Female,85,7,13683.18,3,0,0,56495.96,0
284,15685981,Johnson,351,Spain,Male,82,9,51060.53,3,0,0,34997.41,0
285,15630306,Williams,574,France,Female,43,8,104673.79,3,1,0,67432.57,0
286,15747718,Williams,638,Spain,Male,27,4,54908.73,2,0,1,180066.18,1
287,15908987,Jones,582,Spain,Male,70,9,56.76,2,1,0,194690.16,0
288,15720975,Brown,810,Spain,Female,76,3,228750.38,2,1,1,173271.74,1
289,15958745,Williams,763,France,Female,39,5,210969.85,4,0,1,30903.37,1
290,15707512,Garcia,766,Germany,Male,68,7,185573.06,1,1,1,190011.32,0
291,15747443,Johnson,426,Spain,Female,65,10,41953.65,4,0,1,90438.03,1
292,15973616,Davis,465,France,Male,38,2,30090.89,2,1,1,11768.96,1
293,15733121,Garcia,503,France,Male,39,9,16901.19,1,1,1,94054.81,1
294,15762688,Garcia,755,Germany,Female,47,10,181007.3,1,0,0,18753.14,0
295,15965871,Davis,452,Spain,Male,42,10,232201.99,2,1,0,113336.81,0
296,15975037,Miller,543,Spain,Male,45,0,107633.96,2,0,0,74325.27,0
297,15883076,Miller,515,Germany,Female,82,3,29785.17,4,1,0,99952.64,0
298,15717796,Johnson,708,Germany,Female,62,3,128098.21,2,0,0,126502.37,1
299,15891999,Garcia,439,France,Male,85,0,87207.98,1,1,1,175072.21,1
300,15792506,Williams,523,France,Female,24,8,93706.23,3,0,0,135761.3,1
301,15774088,Brown,471,Germany,Female,66,2,155332.66,2,0,0,92469.29,1
302,15869544,Johnson,847,Spain,Female,26,4,179679.53,2,1,0,165691.29,1
303,15980002,Jones,492,France,Female,53,5,27650.9,4,0,1,182060.61,1
304,15773714,Davis,831,France,Male,18,7,8897.56,4,1,1,32754.39,0
305,15615151,Garcia,455,Spain,Male,27,5,248582.58,2,1,1,111067.27,1
306,15666690,Johnson,724,France,Male,53,2,58182.09,1,0,0,64057.27,1
307,15604499,Smith,777,Spain,Female,90,5,13457.63,1,0,0,18941.63,1
308,15606295,Smith,654,Spain,Female,63,0,47468.83,3,0,0,137023.87,0
309,15983029,Miller,709,Spain,Female,49,3,9739.46,2,0,0,173926.45,1
310,15988215,Davis,808,Germany,Female,49,5,97952.72,4,0,0,40951.5,1
311,15921184,Brown,666,Germany,Female,23,6,200600.45,1,1,1,164358.59,0
312,15874327,Williams,800,Germany,Female,65,10,85311.11,3,0,0,172145.19,1
313,15743946,Brown,472,Spain,Female,55,10,111045.85,2,1,1,183724.68,0
314,15978480,Brown,739,Spain,Male,34,9,168896.69,1,0,0,60404.17,0
315,15632711,Brown,358,Germany,Male,91,2,127223.52,2,0,1,181751.08,1
316,15867683,Davis,611,France,Female,44,8,215361.42,2,0,1,70925.92,1
317,15784423,Brown,422,Spain,Female,71,6,216508.92,1,1,1,114944.22,0
318,15779426,Jones,708,France,Female,67,0,2477.67,1,0,1,19596.42,1
319,15988207,Davis,572,France,Male,52,1,194511.58,1,1,0,18337.41,1
320,15733629,Jones,765,Spain,Male,42,0,115183.4,2,1,0,146870.91,0
321,15900504,Davis,390,Spain,Female,45,10,247210.14,2,1,0,94451.2,0
322,15813090,Miller,719,France,Female,32,8,120808.02,3,0,1,58695.55,1
323,15733272,Johnson,553,France,Male,21,8,246723.99,4,1,0,46178.56,0
324,15843548,Smith,613,Germany,Male,90,6,188642.34,2,0,0,137291.16,1
325,15778047,Brown,677,Germany,Male,44,9,62151.22,4,1,0,10076.29,1
326,15883501,Miller,527,Spain,Male,43,2,134598.74,1,0,0,163119.32,1
327,15719121,Johnson,697,Germany,Female,36,4,248033.91,2,1,1,25057.43,1
328,15677505,Smith,667,Germany,Male,34,3,214382.65,3,0,1,46383.03,0
329,15602869,Garcia,433,Germany,Male,60,6,24341.72,3,0,0,83384.92,1
330,15857186,Williams,667,Germany,Female,58,8,176593.0,4,0,0,102123.16,0
331,15912252,Jones,460,France,Male,59,1,86394.9,1,1,0,77449.07,1
332,15712296,Garcia,600,Spain,Male,67,7,1745.57,4,1,1,70935.31,1
333,15694179,Davis,732,Germany,Male,57,8,100870.24,1,0,1,193144.04,0
334,15690272,Smith,356,France,Female,56,9,58688.61,3,1,1,131900.14,1
335,15638467,Garcia,808,France,Male,40,9,204717.32,4,1,0,14452.26,0
336,15885472,Williams,433,France,Female,69,8,84332.65,3,1,1,91733.42,0
337,15953556,Miller,557,Germany,Female,64,9,206880.92,3,1,1,176251.65,1
338,15735059,Smith,737,Germany,Male,80,6,149.48,1,1,1,67276.68,1
339,15658871,Garcia,739,Spain,Male,86,8,76954.79,4,1,1,27965.71,1
340,15728391,Jones,663,Germany,Male,60,8,60291.3,4,1,1,154093.11,1
341,15686416,Jones,371,Germany,Male,65,2,58391.84,3,0,0,125142.63,0
342,15932415,Johnson,759,France,Female,51,3,17046.65,3,0,0,118359.38,1
343,15906208,Garcia,732,Spain,Male,57,1,46781.07,1,1,0,20179.55,1
344,15856687,Brown,352,Germany,Male,78,9,138887.39,2,0,0,36694.81,1
345,15801163,Garcia,476,Germany,Male,67,2,72840.27,2,0,1,128284.39,1
346,15707450,Miller,646,France,Female,84,10,104348.7,3,0,0,49486.53,1
347,15771890,Smith,537,France,Male,79,10,94216.72,2,1,0,105773.32,0
348,15881974,Smith,711,Germany,Male,75,4,218976.23,2,1,0,113527.52,1
349,15716381,Miller,363,Spain,Female,50,4,226324.75,2,1,1,63866.37,0
350,15647333,Garcia,808,Spain,Female,33,5,123239.24,2,1,0,190200.78,1
351,15734508,Miller,815,France,Male,65,6,82538.99,3,1,1,170068.18,1
352,15805362,Williams,361,France,Male,27,6,26700.18,2,0,1,147250.97,1
353,15938357,Davis,436,Germany,Male,55,0,238350.72,2,1,1,24818.83,0
354,15999111,Miller,361,France,Male,36,1,15056.74,1,0,0,30164.7,1
355,15750810,Jones,746,Germany,Male,53,8,74412.57,3,1,1,103628.46,0
356,15892890,Miller,374,Spain,Female,76,9,74516.55,4,0,0,40535.54,0
357,15649377,Smith,650,Spain,Female,80,1,80100.32,4,1,0,195870.44,1
358,15916189,Jones,592,Germany,Male,63,5,41071.71,1,1,0,40118.84,0
359,15960032,Smith,471,France,Male,20,10,195790.36,1,1,1,102618.89,1
360,15969599,Johnson,496,Spain,Female,91,10,30624.47,3,1,1,79183.0,1
361,15736672,Brown,404,France,Male,82,0,158726.66,4,1,0,131483.42,0
362,15825732,Smith,587,Spain,Male,25,2,30961.51,2,1,1,34516.92,1
363,15955323,Jones,705,Germany,Male,68,1,17633.91,1,0,1,91760.12,1
364,15771836,Johnson,522,Germany,Male,90,2,227357.38,4,1,1,62193.96,0
365,15805615,Smith,741,Germany,Male,23,4,47532.19,3,0,0,178672.79,0
366,15645714,Williams,570,Spain,Female,56,10,205312.54,2,1,1,17711.29,0
367,15702946,Miller,468,France,Male,77,9,136157.72,3,0,1,183608.22,0
368,15971760,Brown,658,France,Male,45,5,19464.13,1,0,0,168268.89,0
369,15705983,Smith,532,France,Male,71,8,238862.05,4,0,1,66538.44,0
370,15787563,Johnson,637,Spain,Female,54,10,61740.29,4,0,0,159965.22,1
371,15724123,Williams,656,Spain,Female,26,9,214911.34,4,0,1,15930.58,0
372,15905628,Garcia,649,Spain,Female,73,3,42202.5,4,0,1,193704.45,0
373,15682989,Johnson,431,Spain,Female,76,6,213485.72,2,1,1,110053.04,1
374,15898356,Miller,803,Spain,Male,19,5,3307.2,2,0,1,67623.39,1
375,15905669,Johnson,751,France,Female,78,1,127945.11,3,1,1,78890.81,0
376,15778274,Williams,560,Spain,Male,75,9,192360.64,2,1,1,22617.02,0
377,15763707,Johnson,499,Spain,Male,77,10,233698.88,1,0,0,197976.41,1
378,15925352,Williams,386,France,Female,57,10,227300.53,1,0,1,17465.47,0
379,15895972,Smith,701,Spain,Female,53,10,204906.22,4,1,1,134432.35,0
380,15865564,Davis,661,France,Female,54,7,222047.84,1,0,1,94119.83,1
381,15958896,Williams,710,France,Female,35,6,49804.92,3,0,0,190294.08,0
382,15731373,Williams,408,Germany,Female,80,6,71046.07,2,0,0,56739.95,1
383,15715294,Brown,480,Germany,Male,39,7,72242.13,2,0,0,111096.5,0
384,15724019,Williams,761,Germany,Female,28,10,94263.48,2,0,1,101647.68,1
385,15665726,Williams,551,Germany,Female,75,0,98330.17,1,0,1,143544.62,1
386,15741564,Garcia,592,Spain,Female,74,0,136138.83,2,0,0,22921.94,1
387,15977812,Davis,384,Germany,Male,21,7,39969.94,4,1,0,46819.93,0
388,15868246,Smith,794,France,Female,24,3,172811.67,4,0,0,50767.32,1
389,15781408,Miller,442,Spain,Male,78,4,41891.63,4,1,1,150248.64,0
390,15718015,Brown,787,Germany,Female,71,7,77577.12,1,1,0,45936.35,1
391,15816386,Garcia,796,France,Female,85,4,125836.28,2,1,1,118963.44,1
392,15854079,Jones,556,Spain,Male,18,9,199110.14,1,1,1,50896.33,1
393,15626641,Davis,702,Spain,Female,72,3,184867.31,2,0,1,173708.74,0
394,15765656,Smith,740,Germany,Male,20,5,161383.59,3,1,0,189015.24,0
395,15763817,Smith,681,Spain,Male,55,4,38943.32,3,1,1,108513.67,1
396,15965890,Jones,654,France,Male,18,6,136761.34,1,1,0,76938.69,0
397,15636631,Miller,699,Spain,Female,55,9,21861.63,4,1,0,54470.98,0
398,15842289,Williams,562,France,Female,46,6,94340.79,1,1,0,19458.39,0
399,15672991,Garcia,508,Spain,Female,22,3,103379.13,4,0,0,61015.01,1
400,15604014,Johnson,791,Germany,Male,91,4,9952.86,2,0,1,134304.8,0
401,15873237,Brown,794,France,Female,38,2,68497.02,4,1,1,111387.22,1
402,15618070,Johnson,373,Spain,Male,88,3,238912.37,4,0,1,189367.84,1
403,15897921,Jones,753,Spain,Female,84,3,238408.15,2,0,1,85292.68,1
404,15656958,Smith,642,Spain,Male,64,2,88081.76,3,1,0,141834.04,0
405,15682074,Miller,353,France,Male,52,9,10775.03,2,1,0,102971.32,1
406,15610729,Smith,569,France,Male,85,4,44773.73,1,1,0,107389.48,0
407,15830785,Brown,713,France,Female,86,4,98054.45,1,0,0,60877.12,0
408,15776089,Smith,731,Germany,Male,18,10,236944.92,1,1,1,96440.65,1
409,15797392,Smith,369,Germany,Male,85,6,35299.77,1,0,0,99449.15,1
410,15758823,Brown,793,France,Male,29,3,190878.96,1,0,1,144262.08,1
411,15705864,Garcia,501,Spain,Male,77,3,27170.63,3,0,0,188721.6,0
412,15993002,Garcia,399,Germany,Male,44,8,245314.39,3,1,0,72571.04,0
413,15809141,Brown,526,France,Male,73,5,95404.12,4,0,0,18018.09,1
414,15967654,Miller,784,Spain,Female,40,3,193808.63,1,1,0,104296.07,1
415,15654748,Jones,445,Germany,Female,42,1,85647.77,2,1,1,113447.65,0
416,15605801,Davis,454,Spain,Male,38,5,156917.22,1,1,1,42003.7,0
417,15750262,Smith,769,Spain,Female,78,1,48004.02,3,1,1,154488.28,1
418,15835362,Miller,599,Spain,Female,80,4,36505.25,1,1,1,197136.53,0
419,15629592,Smith,466,Spain,Male,69,5,234516.03,3,0,0,189697.2,0
420,15872791,Davis,703,Germany,Male,42,3,229411.82,4,0,0,47450.15,0
421,15739788,Jones,577,Germany,Male,72,2,221867.24,4,0,1,176319.02,0
422,15819963,Garcia,415,Germany,Female,63,6,156358.36,4,0,1,143853.79,0
423,15848710,Miller,684,France,Male,49,1,202067.05,3,0,0,96230.85,0
424,15820984,Williams,767,Germany,Female,72,10,17259.23,1,1,0,112716.09,1
425,15972771,Williams,769,Spain,Male,22,5,83697.26,1,1,1,171424.03,0
426,15932460,Davis,611,Germany,Female,53,3,78425.78,2,0,1,101225.64,1
427,15858067,Williams,644,Spain,Male,66,5,158911.33,3,0,1,80909.4,1
428,15864512,Garcia,775,France,Male,75,3,88989.44,2,0,0,103717.02,0
429,15677575,Davis,592,Spain,Female,56,3,37126.7,4,1,1,120034.66,1
430,15868799,Garcia,720,Spain,Female,78,3,149116.77,1,1,1,45924.75,1
431,15837549,Jones,535,Spain,Female,26,8,203595.98,3,1,1,181172.47,1
432,15670031,Smith,595,France,Female,23,6,95530.87,2,0,1,138095.52,0
433,15687922,Jones,474,Germany,Female,52,2,33067.18,2,0,1,130321.09,1
434,15724046,Jones,617,Germany,Female,56,2,49172.05,2,0,0,28904.28,0
435,15632097,Garcia,480,France,Male,39,5,59370.83,1,0,1,124793.05,1
436,15742038,Davis,586,Spain,Female,58,5,74974.4,1,1,0,32982.53,1
437,15724862,Davis,367,Germany,Male,22,3,160698.77,1,0,1,24952.56,1
438,15830229,Williams,389,France,Male,59,8,150236.37,3,0,1,110189.07,1
439,15718834,Johnson,370,Germany,Female,84,3,174019.97,1,0,1,86529.25,0
440,15693848,Smith,748,France,Male,47,8,90625.5,3,1,0,121873.95,1
441,15652921,Garcia,574,Spain,Female,74,3,205999.41,2,1,0,26952.21,1
442,15780798,Williams,704,Germany,Female,90,1,51021.92,2,0,0,91886.78,0
443,15726141,Miller,631,France,Male,46,1,117260.19,4,1,1,43209.48,0
444,15781372,Johnson,357,Germany,Male,54,4,200234.68,1,1,1,197549.02,0
445,15884821,Johnson,449,Germany,Female,30,3,45039.66,2,1,0,116618.54,1
446,15655609,Garcia,589,Germany,Female,49,6,27465.78,1,1,0,140613.0,0
447,15827897,Brown,827,Germany,Male,63,10,220920.99,3,1,1,71829.47,0
448,15631024,Smith,436,France,Male,40,4,85732.42,2,0,0,28000.39,0
449,15670313,Johnson,647,Spain,Male,62,5,170967.53,1,0,1,195415.46,0
450,15989957,Garcia,777,France,Male,34,9,6337.15,2,0,0,64389.22,0
451,15784078,Garcia,363,France,Female,83,3,172511.72,2,1,0,90523.56,0
452,15957429,Williams,683,France,Female,23,1,79025.33,1,1,0,133474.15,1
453,15713632,Miller,351,Spain,Female,35,9,13935.21,2,1,1,14692.49,0
454,15851451,Brown,724,Germany,Female,39,8,152453.19,2,1,1,163949.23,1
455,15603051,Smith,642,Germany,Male,50,9,60200.95,2,0,0,111949.86,0
456,15779819,Davis,674,Germany,Male,47,6,96701.81,2,0,1,62861.27,0
457,15976836,Jones,771,Spain,Female,49,3,20145.2,3,0,1,21705.52,0
458,15687235,Miller,842,Germany,Female,59,2,36790.81,2,0,1,40874.7,1
459,15797484,Miller,390,Spain,Female,27,9,74494.31,4,0,1,180056.43,0
460,15789407,Williams,667,Germany,Female,53,2,22439.88,2,0,0,140344.6,0
461,15811810,Davis,665,Germany,Female,51,8,227706.57,1,1,1,57481.33,0
462,15803687,Johnson,730,France,Female,90,4,1511.76,4,1,1,22464.15,0
463,15673523,Johnson,460,Spain,Female,45,2,120965.05,3,0,0,141216.91,1
464,15836175,Williams,363,France,Female,28,4,30811.86,4,1,1,118757.47,1
465,15694476,Garcia,580,France,Female,56,1,76919.77,4,0,1,86858.71,1
466,15833841,Johnson,822,France,Male,64,10,231514.89,4,0,1,79086.18,1
467,15879163,Brown,433,Spain,Female,36,3,40423.64,1,1,0,51194.71,1
468,15945757,Smith,479,Spain,Male,32,9,241458.08,1,0,0,137226.14,0
469,15822866,Miller,580,Germany,Male,45,1,51448.59,1,0,1,194426.93,0
470,15686672,Miller,675,France,Female,41,1,185391.53,3,0,1,43385.9,0
471,15673847,Brown,494,Germany,Female,89,7,136669.32,1,1,0,123452.16,1
472,15944894,Davis,728,France,Male,26,0,221119.68,1,1,0,90595.16,0
473,15810706,Johnson,694,Spain,Male,64,6,138498.31,4,1,0,94870.86,1
474,15628251,Miller,377,Spain,Female,50,4,133639.8,1,1,1,58287.98,0
475,15703481,Jones,415,Spain,Male,79,10,48864.5,2,0,1,166775.63,1
476,15974710,Davis,512,France,Female,36,7,41557.34,1,1,0,102198.56,0
477,15625945,Smith,578,Spain,Female,84,0,229122.29,3,1,1,113247.11,0
478,15952996,Smith,610,France,Female,91,10,81959.55,3,1,1,67904.57,0
479,15632217,Miller,798,Germany,Male,57,6,93020.56,2,0,1,44543.61,0
480,15608308,Williams,773,France,Male,64,4,189955.91,3,1,1,26322.97,1
481,15868093,Davis,809,Germany,Female,82,3,84705.87,3,1,1,145682.64,0
482,15783062,Miller,789,France,Male,46,6,238015.61,4,0,1,47284.51,0
483,15994366,Williams,513,Germany,Male,67,9,184481.94,2,0,1,141114.32,0
484,15820552,Miller,650,Spain,Male,30,1,149357.31,4,0,0,84171.52,1
485,15700235,Jones,756,Germany,Male,18,0,220223.79,4,0,0,88997.21,0
486,15674740,Davis,652,Spain,Male,51,0,12401.48,1,1,0,99143.72,0
487,15978496,Garcia,636,Spain,Male,65,10,64265.67,2,0,0,79864.62,0
488,15928761,Smith,744,Germany,Male,65,0,116259.08,1,1,0,29117.8,0
489,15825913,Miller,359,France,Female,66,4,56744.63,1,1,0,68830.04,0
490,15879040,Jones,544,France,Male,81,9,185976.3,4,1,0,136109.53,1
491,15992942,Williams,467,France,Male,78,6,229802.01,3,1,0,136499.04,1
492,15777247,Williams,619,France,Male,46,1,105942.53,2,1,0,64382.62,1
493,15738877,Smith,429,France,Male,56,9,85533.15,3,0,1,97419.5,0
494,15605237,Brown,807,Spain,Male,43,7,240387.68,4,1,1,46754.97,1
495,15620056,Miller,442,France,Male,34,3,111213.11,4,1,0,49970.7,0
496,15776615,Davis,615,Spain,Male,88,2,122262.1,4,1,1,14378.95,0
497,15787628,Johnson,681,Spain,Male,30,9,87912.47,4,0,1,180381.84,0
498,15714548,Williams,699,Spain,Female,86,10,227387.12,4,1,0,50034.27,0
499,15973632,Davis,710,Germany,Male,43,7,142238.87,4,1,0,53231.44,1
500,15734415,Davis,606,Germany,Male,66,1,190543.65,3,0,0,63124.27,1
501,15629375,Garcia,482,Spain,Male,84,10,202951.68,1,1,1,34207.53,1
502,15740734,Davis,625,Germany,Male,24,10,85462.26,3,1,1,131459.95,0
503,15616964,Davis,613,France,Female,75,2,108423.58,2,0,0,24277.16,1
504,15713429,Garcia,520,France,Female,66,2,212117.94,3,1,1,35498.46,1
505,15852764,Williams,809,Spain,Female,70,9,90813.84,4,1,1,132503.78,0
506,15790710,Davis,350,France,Female,82,10,198483.78,3,1,1,74535.52,1
507,15816139,Brown,662,Spain,Female,79,0,235248.08,1,1,0,144510.09,0
508,15667215,Brown,413,Spain,Female,34,5,155802.59,2,1,1,115910.7,1
509,15931186,Jones,723,France,Female,60,1,185406.82,3,0,1,58644.02,1
510,15744356,Garcia,817,Germany,Female,42,0,201274.33,1,0,1,133657.31,1
511,15803861,Jones,633,France,Female,20,1,211259.91,3,0,1,32092.0,0
512,15955612,Garcia,470,France,Female,46,5,98763.33,2,1,1,111917.97,1
513,15609435,Miller,456,Spain,Female,49,3,12815.86,3,1,1,93058.14,1
514,15775150,Miller,770,Spain,Female,43,5,100469.07,4,1,1,60895.98,1
515,15940976,Davis,524,Spain,Female,33,8,168439.06,3,0,0,124760.95,1
516,15651293,Johnson,834,Spain,Female,42,9,112587.6,1,1,0,175553.38,0
517,15678781,Miller,553,Germany,Female,71,9,187240.79,3,1,1,199791.89,0
518,15791475,Johnson,514,Germany,Female,45,7,89245.61,1,1,0,125474.93,1
519,15760196,Miller,654,Germany,Male,90,0,158686.04,2,0,1,86894.12,1
520,15826507,Smith,846,Spain,Female,73,7,46604.95,3,0,1,52789.35,1
521,15906063,Miller,469,Spain,Male,82,8,187342.36,2,1,1,58848.26,0
522,15839833,Jones,393,Spain,Female,58,5,136423.99,2,1,0,101096.45,1
523,15852377,Williams,661,Germany,Female,68,9,51016.1,3,1,1,79782.76,1
524,15766319,Davis,505,Spain,Male,88,4,72977.79,1,0,1,183624.76,0
525,15721172,Jones,716,France,Female,46,5,187152.18,2,0,0,79976.14,0
526,15956902,Williams,556,France,Male,36,5,120650.31,2,0,0,80954.47,0
527,15918717,Brown,739,Spain,Male,83,8,54007.86,3,1,1,82871.56,1
528,15659101,Jones,457,France,Male,58,3,241817.8,3,0,0,168957.84,0
529,15888790,Brown,600,France,Female,62,1,178781.25,3,1,0,133649.78,0
530,15966329,Johnson,794,Germany,Female,32,10,239283.71,3,1,1,126692.08,1
531,15623049,Johnson,753,Spain,Female,20,10,106776.26,3,0,1,73487.17,0
532,15810677,Smith,719,Spain,Male,28,8,118775.09,4,1,1,165401.79,1
533,15960260,Miller,683,Germany,Male,70,1,224488.8,3,0,0,17289.13,1
534,15959523,Jones,479,France,Female,63,9,131262.34,1,1,0,175451.46,0
535,15668385,Brown,806,France,Female,47,8,176819.73,2,1,0,107422.48,1
536,15726131,Williams,642,Spain,Female,74,1,63043.22,1,0,1,85667.54,0
537,15796489,Johnson,369,France,Female,35,7,111681.62,1,1,0,104461.78,0
538,15623289,Miller,631,Germany,Female,68,8,30862.47,4,1,0,136808.95,0
539,15972370,Johnson,634,Germany,Male,65,9,51495.01,3,1,1,12425.43,1
540,15962937,Williams,350,Spain,Male,83,8,235.85,2,1,1,175594.85,0
541,15871967,Miller,468,Germany,Male,25,9,9816.26,1,1,1,94880.51,1
542,15791232,Miller,384,Germany,Female,39,8,244320.96,3,1,0,75163.64,1
543,15904119,Brown,547,Spain,Male,23,1,60588.42,3,1,1,36266.66,1
544,15609540,Brown,834,Germany,Male,74,3,165827.68,4,1,0,93498.42,0
545,15616364,Jones,594,Germany,Male,53,6,209774.92,4,0,0,104301.33,1
546,15997827,Jones,408,Germany,Male,74,1,137665.11,4,0,1,86692.87,1
547,15627663,Garcia,674,France,Male,66,0,38286.13,2,1,1,138945.42,0
548,15651991,Davis,510,Spain,Female,62,2,182029.11,1,1,1,89970.34,0
549,15788751,Garcia,846,Spain,Male,83,3,150062.85,4,0,1,192669.34,1
550,15966326,Smith,528,Spain,Female,62,7,182812.65,4,1,1,123862.73,1
551,15762049,Johnson,555,France,Female,37,5,192436.66,4,0,0,163420.81,0
552,15694704,Jones,361,France,Female,81,10,243852.59,1,0,0,30777.62,1
553,15649115,Brown,839,Spain,Female,84,1,143390.82,1,0,0,85485.35,1
554,15953151,Williams,625,France,Female,20,8,85410.28,4,1,1,74001.06,1
555,15819295,Brown,530,Spain,Male,71,1,162116.14,4,1,0,118201.65,1
556,15791962,Johnson,591,France,Male,81,4,17110.18,3,1,1,173611.57,0
557,15797459,Garcia,565,Germany,Female,57,3,224349.33,4,0,1,24884.26,1
558,15749143,Brown,600,Germany,Female,76,6,29845.25,2,0,0,23789.21,0
559,15790347,Davis,648,Spain,Female,72,7,81960.71,2,0,0,171560.36,1
560,15611938,Smith,475,France,Male,79,4,203936.35,4,1,1,50441.52,0
561,15953824,Johnson,831,France,Female,21,9,149328.09,1,0,0,137063.12,1
562,15604000,Garcia,566,Germany,Male,77,4,98408.88,3,0,1,113146.85,0
563,15801660,Davis,655,Germany,Female,47,1,118358.91,1,1,0,168249.78,1
564,15963186,Williams,634,France,Male,19,7,213636.85,4,0,0,33766.89,0
565,15955754,Garcia,534,France,Female,79,1,85001.1,2,0,0,34658.76,1
566,15851492,Miller,388,France,Male,66,9,217412.42,3,1,0,115795.49,1
567,15965835,Davis,572,France,Female,26,5,22033.61,1,1,0,189811.94,0
568,15638304,Davis,533,France,Male,48,7,194199.61,1,0,1,88849.57,0
569,15931593,Smith,844,France,Male,78,5,211886.91,4,1,0,72119.0,0
570,15682986,Johnson,776,Spain,Male,65,3,45454.41,3,0,0,125270.97,0
571,15751836,Williams,527,France,Male,42,3,107586.63,2,1,0,186785.23,0
572,15708940,Smith,756,Germany,Male,53,5,41374.94,4,0,1,169016.29,1
573,15900638,Garcia,777,Spain,Male,25,3,176651.03,3,1,1,199141.89,0
574,15865517,Smith,643,France,Male,90,7,133836.94,1,0,1,14288.03,0
575,15743233,Davis,689,Germany,Female,75,8,158830.84,4,1,1,31443.05,1
576,15697532,Johnson,500,Spain,Female,62,0,49121.74,1,1,1,125798.88,0
577,15954802,Jones,733,Germany,Female,79,3,52936.47,1,1,0,165909.52,0
578,15985777,Smith,475,France,Female,56,3,10374.33,4,1,0,64196.43,0
579,15700386,Miller,650,France,Female,75,1,80516.88,4,1,0,55450.11,1
580,15627350,Smith,657,France,Male,81,5,139936.17,4,1,1,159525.4,0
581,15693008,Garcia,685,France,Male,61,2,214483.73,4,1,1,20712.55,1
582,15956441,Garcia,783,Spain,Male,46,6,166731.86,4,0,0,80182.7,1
583,15625351,Williams,583,Spain,Male,76,10,108849.08,1,0,1,106103.75,0
584,15688668,Garcia,729,Germany,Male,88,10,238280.03,2,1,1,116466.25,1
585,15714585,Brown,724,France,Female,26,4,179811.3,2,1,1,148436.88,0
586,15937497,Johnson,357,Germany,Female,23,3,232541.3,4,0,0,77420.69,0
587,15807869,Johnson,847,Spain,Female,46,4,131896.99,1,0,0,126410.03,0
588,15665953,Jones,690,France,Female,75,7,64726.07,2,1,1,121221.33,0
589,15919602,Jones,478,France,Male,34,2,13206.67,2,0,1,114047.06,0
590,15882502,Johnson,613,Spain,Male,33,6,181521.21,2,0,1,131691.83,1
591,15603267,Miller,506,Spain,Male,20,5,30325.75,1,1,1,59295.34,1
592,15682745,Jones,701,Spain,Female,38,0,75693.78,4,1,0,26083.26,1
593,15951732,Williams,707,Spain,Male,81,6,133117.73,4,1,1,32661.62,1
594,15900657,Garcia,354,Spain,Female,53,6,141104.15,4,0,0,52670.65,0
595,15757164,Johnson,844,France,Male,79,0,150145.8,3,1,0,105037.61,0
596,15611338,Davis,435,Spain,Male,59,8,41563.83,3,1,0,169684.12,1
597,15731484,Jones,524,France,Female,59,5,94934.35,3,0,1,143245.73,0
598,15607543,Johnson,639,France,Male,78,1,154298.56,1,1,0,159917.71,1
599,15968035,Brown,542,Spain,Male,30,4,242454.72,2,0,0,76685.37,1
600,15660692,Smith,660,Spain,Female,28,10,181907.78,2,0,1,86884.21,1
601,15820156,Garcia,468,France,Male,71,3,230650.94,1,0,1,84799.56,1
602,15823992,Johnson,567,Spain,Female,33,6,190553.01,1,0,1,46455.91,0
603,15906569,Smith,776,Spain,Male,25,7,147929.24,4,0,0,21631.17,0
604,15638756,Jones,807,Spain,Male,76,10,48005.84,4,0,1,122274.06,1
605,15618888,Smith,763,Germany,Male,74,10,166671.41,3,1,0,197951.17,1
606,15766807,Garcia,463,France,Male,57,0,155844.89,3,1,0,41697.64,1
607,15909439,Johnson,815,Germany,Male,76,4,150617.29,1,1,1,18870.12,1
608,15714352,Brown,494,Spain,Male,19,2,122446.47,3,0,0,158111.02,1
609,15945186,Miller,375,Germany,Male,27,0,132164.15,2,1,0,57991.34,0
610,15685999,Jones,485,Spain,Male,61,2,83610.63,1,0,0,167632.32,1
611,15617955,Johnson,652,Germany,Female,28,5,129828.17,1,1,0,143747.97,1
612,15899985,Garcia,581,Spain,Female,19,6,49388.98,2,0,1,189677.97,0
613,15670640,Jones,718,Germany,Male,67,7,201293.6,4,1,0,87696.17,0
614,15796582,Williams,425,Germany,Male,29,10,46444.24,4,0,1,135774.27,0
615,15819798,Smith,824,Germany,Female,40,3,21241.57,2,1,0,98322.41,0
616,15661476,Miller,677,France,Male,35,2,109061.51,2,0,0,129811.85,0
617,15906955,Garcia,694,Germany,Male,79,4,164576.86,3,1,1,95423.79,0
618,15767280,Williams,651,France,Female,79,8,109429.21,1,0,0,45840.13,0
619,15751222,Davis,801,Spain,Male,55,5,69188.53,3,1,0,106500.51,0
620,15671180,Johnson,638,Germany,Male,84,8,139542.8,2,1,0,110431.0,0
621,15774358,Brown,350,Spain,Female,55,5,86750.58,3,1,0,164014.73,1
622,15712856,Jones,496,Spain,Male,84,1,233216.92,2,0,0,149748.93,0
623,15930594,Smith,636,Germany,Male,78,4,230661.28,3,0,0,136120.41,1
624,15786141,Jones,813,France,Female,18,10,125592.95,3,0,1,31543.55,1
625,15974032,Miller,491,Germany,Male,62,8,81971.0,4,0,1,146917.1,1
626,15710448,Johnson,402,Spain,Female,45,7,184283.1,2,0,1,105057.98,1
627,15614397,Jones,653,Spain,Male,38,6,9178.24,3,1,0,179878.91,1
628,15778031,Smith,418,Germany,Male,30,0,118692.25,1,0,0,184775.48,1
629,15993944,Johnson,710,France,Female,44,3,84080.85,3,1,0,20479.75,1
630,15719180,Jones,439,France,Female,24,6,230133.97,3,1,1,165921.9,1
631,15666234,Brown,795,Spain,Male,39,10,3000.76,1,0,0,17162.5,0
632,15639954,Garcia,569,Spain,Female,91,6,138203.72,2,1,1,79762.23,1
633,15778352,Johnson,799,France,Female,70,5,185165.9,4,0,0,113037.0,1
634,15679459,Garcia,847,Germany,Male,21,7,121254.5,4,0,0,38139.15,1
635,15795004,Davis,541,Spain,Male,40,10,21350.76,4,0,0,151799.62,1
636,15800968,Johnson,803,France,Male,87,5,243115.35,1,1,1,11587.39,0
637,15659163,Brown,412,Spain,Female,50,9,129502.61,3,0,0,42033.82,1
638,15651934,Garcia,422,Germany,Female,45,2,153546.56,2,0,1,120351.4,0
639,15795967,Williams,510,France,Female,25,3,59152.45,3,0,0,145733.64,0
640,15916242,Smith,518,Spain,Female,18,2,120874.52,4,1,0,184162.19,1
641,15605486,Williams,438,Germany,Male,54,0,107287.37,3,0,1,144044.36,1
642,15739407,Jones,525,Spain,Female,80,9,18723.96,1,1,0,137638.06,0
643,15949044,Brown,618,Germany,Male,39,4,26540.09,1,1,0,84924.82,1
644,15726020,Williams,422,Germany,Female,87,0,209368.13,2,0,0,10244.04,1
645,15702795,Johnson,594,France,Male,38,0,59954.99,2,1,0,32830.26,0
646,15820184,Jones,426,Germany,Male,52,1,48739.57,4,1,1,111565.36,0
647,15742202,Jones,508,Spain,Male,22,3,126227.86,2,0,1,138274.68,1
648,15949652,Williams,838,Germany,Female,77,5,192186.78,3,0,0,89315.17,1
649,15837027,Davis,808,Germany,Male,63,7,15486.63,1,0,0,148829.01,1
650,15718324,Williams,673,France,Male,67,2,144201.98,1,1,1,109153.84,0
651,15922710,Davis,447,Germany,Female,65,0,29802.61,1,0,0,24093.48,1
652,15797775,Brown,730,Germany,Male,23,2,9115.26,2,1,1,46483.09,0
653,15889336,Smith,451,Spain,Female,73,2,13185.99,1,1,0,169599.66,0
654,15863206,Williams,843,France,Female,76,4,208541.03,1,1,1,147733.42,1
655,15684076,Miller,481,France,Male,46,10,29493.12,1,1,1,180004.78,0
656,15689780,Davis,451,France,Male,88,3,11287.84,4,1,1,32335.88,1
657,15752617,Williams,368,Germany,Female,35,3,109474.97,4,0,1,198142.28,1
658,15621689,Garcia,803,France,Male,19,8,210998.37,2,0,0,49787.28,0
659,15873318,Johnson,831,Germany,Female,25,6,65602.09,1,1,0,12238.18,1
660,15950605,Miller,431,Germany,Female,71,3,105428.15,2,1,1,199510.36,0
661,15988318,Miller,746,Spain,Female,55,2,9980.63,1,0,1,63404.04,0
662,15965177,Davis,838,Spain,Male,65,5,112269.63,1,0,1,136923.7,1
663,15609348,Garcia,628,Spain,Female,44,2,144403.27,1,1,1,43569.64,1
664,15638102,Garcia,688,Spain,Male,37,5,142726.76,2,1,0,120243.42,1
665,15674460,Jones,714,Spain,Male,29,10,83106.67,2,0,1,181766.65,1
666,15964778,Davis,680,Germany,Male,60,10,78883.3,1,0,1,70834.42,0
667,15689930,Smith,478,Germany,Male,78,8,26655.9,3,1,1,137348.26,0
668,15606801,Johnson,693,France,Female,48,5,91699.58,2,0,1,45701.68,0
669,15703150,Brown,659,Germany,Male,78,3,24873.67,4,0,1,128711.13,1
670,15803339,Miller,804,Germany,Female,91,4,191648.99,2,1,1,73925.57,0
671,15779208,Brown,438,Spain,Female,84,5,241568.57,1,1,1,50129.57,0
672,15754697,Williams,562,Germany,Male,52,10,242518.61,3,1,0,69504.59,1
673,15813945,Williams,492,Spain,Female,32,2,216267.77,1,0,1,43979.8,1
674,15831915,Brown,414,France,Female,33,7,150198.04,4,1,1,181364.06,1
675,15803664,Williams,425,France,Male,30,3,175216.42,2,0,1,85465.51,0
676,15808124,Smith,548,Germany,Female,52,7,71301.45,2,1,0,56603.07,1
677,15601542,Garcia,492,France,Female,76,9,157692.61,1,1,0,95197.49,0
678,15883821,Williams,754,Germany,Female,38,9,113912.39,1,0,0,70901.87,0
679,15777804,Jones,752,France,Female,71,2,120504.33,4,0,1,151439.66,0
680,15781415,Williams,665,Spain,Male,47,9,189444.14,3,1,1,194531.78,0
681,15639081,Johnson,442,Spain,Female,65,6,70479.59,4,1,1,93226.39,0
682,15793928,Smith,822,Spain,Female,52,10,79509.9,3,0,0,173596.35,1
683,15955249,Johnson,766,Spain,Female,55,8,231160.45,2,1,1,117513.98,0
684,15819930,Johnson,654,Germany,Female,48,3,14056.07,3,0,0,39874.78,1
685,15881209,Jones,573,France,Male,41,7,121408.57,3,0,0,141218.32,0
686,15814532,Smith,846,Germany,Female,66,2,228200.2,2,1,0,107552.55,0
687,15688092,Smith,640,Spain,Male,49,6,152590.75,2,0,0,133615.24,1
688,15916837,Davis,777,Germany,Female,72,2,136601.77,2,0,0,179040.61,0
689,15889106,Smith,451,France,Male,75,6,62436.04,4,0,1,93682.57,0
690,15628295,Smith,823,Germany,Male,20,10,85818.87,2,1,1,181223.75,1
691,15613807,Smith,616,France,Male,86,9,213012.1,1,0,0,152627.11,1
692,15757504,Jones,704,Germany,Male,27,9,139804.53,2,1,1,102834.94,0
693,15838067,Williams,805,France,Male,42,10,128685.55,2,1,1,124612.21,0
694,15768152,Davis,459,France,Female,85,10,24894.93,2,1,0,71860.42,0
695,15994540,Johnson,811,Spain,Female,78,5,4007.04,3,0,0,196883.49,1
696,15953411,Smith,679,France,Female,46,1,240921.3,4,0,1,136796.72,0
697,15766981,Miller,799,Spain,Male,36,10,94246.54,2,1,1,18330.9,1
698,15820411,Williams,779,Spain,Female,60,2,150803.27,4,1,1,72058.16,1
699,15619870,Williams,614,Spain,Male,83,5,19928.77,1,0,1,128429.74,0
700,15803196,Johnson,352,Germany,Male,91,3,170778.57,1,1,0,20703.32,1
701,15848683,Jones,434,Germany,Female,78,5,233141.68,2,1,1,14538.0,0
702,15834677,Brown,631,Germany,Female,60,0,143916.31,1,0,0,95504.61,0
703,15626790,Brown,677,Germany,Male,42,9,31528.83,4,1,0,73211.13,1
704,15718874,Williams,653,France,Male,37,0,145430.38,3,0,1,93276.74,1
705,15887433,Garcia,799,France,Female,65,2,191586.8,2,0,1,59911.73,1
706,15824786,Garcia,803,Germany,Female,41,7,101604.13,1,1,1,41296.37,1
707,15615485,Johnson,761,France,Female,28,7,219959.44,4,0,0,140937.24,1
708,15906626,Brown,466,France,Female,72,10,162170.74,4,0,0,107768.51,1
709,15686188,Williams,570,Spain,Male,45,3,224812.23,1,0,0,48029.3,0
710,15604748,Jones,503,Spain,Female,86,5,155876.33,4,1,0,70721.99,0
711,15817841,Brown,502,Spain,Female,80,7,32821.99,4,1,1,122443.5,0
712,15740507,Williams,361,Spain,Female,76,6,77422.93,2,1,0,23723.58,1
713,15865853,Williams,482,France,Male,22,10,50448.74,4,0,0,38016.07,1
714,15723961,Smith,831,Germany,Male,68,6,227206.62,1,0,1,23916.66,1
715,15630355,Jones,653,France,Male,38,3,190100.02,2,1,0,164340.29,0
716,15786843,Smith,642,France,Male,29,8,169099.59,1,1,0,152957.75,0
717,15756542,Johnson,812,France,Female,67,9,75241.58,3,0,1,153129.46,1
718,15773416,Smith,649,Spain,Male,21,5,46011.19,1,1,0,146101.82,1
719,15905062,Miller,577,Spain,Female,59,10,189112.77,1,1,0,137183.23,1
720,15914368,Smith,620,Spain,Female,55,2,118539.49,2,1,0,100628.46,1
721,15639298,Miller,392,Germany,Female,42,4,56447.39,4,1,0,132032.85,0
722,15942363,Brown,781,France,Female,31,4,154155.49,1,1,1,17288.7,0
723,15661629,Garcia,692,Germany,Male,49,4,10083.46,2,0,0,128078.24,0
724,15928184,Davis,675,Spain,Male,28,7,81542.56,3,1,1,157796.76,1
725,15830907,Davis,651,Germany,Male,78,8,117139.25,2,1,0,105068.09,0
726,15890160,Williams,847,France,Female,35,8,36989.58,2,0,1,77927.53,1
727,15623960,Davis,713,France,Female,44,5,246163.62,4,0,1,62711.08,1
728,15895735,Miller,728,Spain,Female,72,5,52274.34,1,0,1,132132.39,1
729,15813920,Jones,776,Spain,Female,71,8,32588.28,3,0,0,141632.23,0
730,15965477,Smith,842,Germany,Female,38,3,50883.72,2,1,0,175483.84,0
731,15842804,Miller,370,Spain,Male,61,5,192265.28,1,1,0,75043.48,1
732,15976965,Jones,756,Spain,Female,22,3,106376.41,1,1,1,156256.74,0
733,15898539,Garcia,456,France,Male,58,10,141353.98,2,1,0,116657.61,1
734,15729695,Davis,685,Spain,Female,76,0,5252.29,1,0,0,177738.93,1
735,15896764,Garcia,652,Spain,Female,71,6,8607.83,2,0,0,110284.3,1
736,15834286,Davis,466,France,Male,91,9,111456.39,2,1,0,108349.67,0
737,15728148,Smith,473,France,Male,39,10,204163.81,2,1,1,119796.65,0
738,15882703,Johnson,748,Germany,Female,82,5,221309.72,3,1,1,152369.92,1
739,15955540,Smith,630,Spain,Female,81,8,21676.64,2,1,0,193291.19,0
740,15792714,Brown,641,France,Female,88,6,134590.78,4,0,0,23977.04,0
741,15807611,Miller,552,Germany,Female,21,6,228307.42,1,1,0,20152.57,0
742,15883876,Williams,400,Germany,Male,82,1,96993.19,3,0,1,188134.56,0
743,15859747,Johnson,620,Spain,Female,32,10,207391.46,1,0,0,110676.37,1
744,15691362,Smith,673,Spain,Male,39,8,33423.91,3,0,1,126831.57,0
745,15875987,Jones,626,Germany,Female,64,9,233848.62,4,0,1,101660.48,1
746,15714065,Johnson,490,France,Male,63,8,187855.83,3,1,0,27794.92,1
747,15933870,Miller,819,Germany,Male,31,5,235333.6,3,1,0,155936.98,0
748,15617640,Davis,624,Spain,Female,67,2,169154.31,3,1,0,151972.68,1
749,15652528,Johnson,639,France,Male,37,0,90850.98,1,1,1,69223.63,1
750,15900557,Davis,683,France,Female,67,3,234545.29,2,0,1,68185.46,0
751,15859214,Miller,730,Germany,Male,50,2,68891.69,1,0,0,169189.86,1
752,15914782,Smith,801,Spain,Female,76,0,83043.13,2,0,1,23747.88,1
753,15710133,Miller,845,Germany,Male,60,2,175202.1,1,1,0,177409.98,0
754,15968501,Johnson,722,Germany,Female,29,3,191329.07,4,0,0,58765.72,0
755,15799938,Jones,401,Germany,Female,57,7,232350.87,4,0,1,122667.1,0
756,15750159,Garcia,843,France,Male,37,8,51200.6,3,0,1,187838.89,0
757,15772502,Johnson,376,France,Male,55,2,199499.51,4,0,1,138843.28,0
758,15755576,Miller,506,Spain,Male,20,5,184636.51,3,1,1,88741.66,1
759,15941003,Garcia,588,Spain,Male,45,9,15948.64,2,0,0,141011.5,1
760,15961801,Miller,505,Germany,Female,73,10,96805.79,4,0,0,75356.13,0
761,15611023,Jones,640,Germany,Male,30,4,70691.36,2,1,0,62679.1,0
762,15621447,Miller,485,Germany,Female,83,5,76122.61,1,1,1,199369.82,1
763,15988043,Smith,493,Spain,Male,54,3,245736.72,2,1,0,152650.14,0
764,15886103,Williams,455,France,Female,66,9,160694.35,1,0,1,132496.8,0
765,15666203,Davis,769,France,Female,83,5,179419.04,2,0,1,77505.03,1
766,15981300,Davis,507,Germany,Female,53,6,244154.41,2,0,1,19340.56,1
767,15760775,Johnson,495,Germany,Female,71,8,94300.45,4,0,0,15900.81,1
768,15609337,Williams,351,Germany,Male,43,9,200460.04,2,1,1,115294.44,0
769,15646427,Miller,782,Germany,Male,89,6,108632.74,4,0,1,154786.22,1
770,15923673,Jones,426,Spain,Female,57,5,217383.42,4,0,1,112102.05,0
771,15964167,Johnson,481,France,Male,60,0,45164.39,3,1,1,169749.16,1
772,15946809,Miller,439,Germany,Male,39,1,236921.54,3,1,1,16351.04,0
773,15705787,Garcia,694,Spain,Female,37,0,54692.93,1,1,1,79682.89,0
774,15762993,Brown,699,Germany,Male,25,8,81555.13,2,0,1,55043.37,0
775,15895451,Miller,808,Germany,Male,46,9,189048.06,1,0,1,94981.86,1
776,15727016,Williams,612,France,Male,57,9,98438.79,2,0,1,23751.51,1
777,15866979,Johnson,700,Germany,Female,47,8,152052.84,3,0,1,191285.01,1
778,15620159,Williams,457,France,Male,72,6,111143.38,3,0,1,52418.53,0
779,15778677,Johnson,423,France,Female,33,1,185592.48,2,1,1,185238.48,1
780,15983934,Miller,388,France,Male,63,5,57082.81,2,1,0,90919.7,1
781,15967760,Smith,746,Spain,Male,79,10,14614.5,3,0,0,197249.59,0
782,15940896,Garcia,508,Spain,Male,24,3,74982.35,3,0,1,115271.09,0
783,15917428,Miller,420,France,Female,62,0,118577.17,1,0,1,186858.24,1
784,15919187,Davis,796,Germany,Female,76,0,42005.01,3,0,1,11016.31,1
785,15766619,Williams,661,France,Male,73,4,88699.32,2,0,0,152165.37,1
786,15959151,Brown,590,Germany,Female,65,1,99995.75,1,1,0,181579.62,0
787,15682844,Brown,775,France,Male,44,3,14347.96,2,1,0,36546.91,1
788,15627532,Jones,794,Germany,Female,70,0,145826.81,4,1,1,28263.91,0
789,15765421,Johnson,647,Spain,Female,90,3,221085.86,1,0,1,90668.8,0
790,15722402,Williams,789,Germany,Male,52,10,37935.73,2,0,1,187398.99,1
791,15718012,Jones,385,France,Male,68,5,149452.0,3,1,1,113053.45,1
792,15998929,Williams,433,Spain,Male,54,9,166184.8,4,1,0,110216.73,0
793,15656178,Davis,801,Germany,Male,74,3,104833.67,2,0,1,36813.96,0
794,15649407,Johnson,723,Germany,Female,25,0,175274.4,1,1,0,10150.01,1
795,15650990,Miller,612,Germany,Female,37,6,102682.89,2,1,0,163926.62,1
796,15729473,Miller,659,Germany,Female,70,1,126159.32,4,0,1,26639.17,1
797,15920285,Brown,734,Germany,Male,29,8,1838.26,1,1,0,130431.47,0
798,15918714,Miller,521,Spain,Male,66,2,172930.03,4,1,0,183777.13,0
799,15826156,Miller,725,Spain,Female,34,7,165335.67,2,1,0,49643.86,1
800,15768964,Davis,522,Spain,Male,81,7,9600.22,3,0,0,136401.84,0
801,15601015,Smith,711,Spain,Female,59,2,92062.53,3,1,1,24952.73,0
802,15661813,Brown,396,France,Female,46,3,244757.96,2,1,1,124713.48,1
803,15627712,Jones,728,Spain,Female,36,1,105184.14,2,1,0,41147.03,0
804,15700497,Garcia,490,Germany,Female,28,3,125486.35,2,0,1,149831.18,1
805,15842926,Smith,724,Germany,Female,67,10,227482.54,1,0,0,67233.95,1
806,15712816,Jones,755,Spain,Male,88,10,179315.47,4,1,1,98044.29,0
807,15728778,Johnson,467,Germany,Male,75,10,145517.53,4,0,1,123891.8,0
808,15662292,Smith,626,Spain,Male,51,8,199451.17,4,1,1,42541.95,1
809,15885977,Davis,563,Germany,Female,37,1,216091.57,2,0,1,150911.19,0
810,15735230,Jones,569,France,Female,67,2,114222.02,4,0,1,67501.66,1
811,15793752,Johnson,742,France,Female,27,10,118777.09,2,1,0,135850.65,0
812,15882453,Brown,375,Spain,Female,49,10,96512.73,1,1,1,40073.78,0
813,15869114,Garcia,358,Spain,Male,69,3,241676.54,3,1,0,140742.36,0
814,15934618,Johnson,620,Spain,Male,32,4,174291.56,2,0,0,34355.73,1
815,15908684,Miller,359,Germany,Female,20,0,20805.77,2,1,1,90817.73,0
816,15751456,Williams,821,Spain,Female,54,6,215739.91,3,0,0,56969.15,1
817,15880161,Johnson,727,France,Female,57,9,120139.99,3,0,1,152191.3,1
818,15938024,Johnson,470,Germany,Male,89,6,17188.48,1,1,0,59786.65,1
819,15705570,Garcia,474,Spain,Male,57,8,137429.31,4,0,0,177526.29,0
820,15870846,Williams,519,Germany,Male,73,3,104291.07,2,1,1,179445.84,1
821,15993600,Miller,421,Germany,Female,40,5,219437.35,4,0,1,47323.85,1
822,15600404,Jones,501,Spain,Female,28,10,50998.65,2,1,1,126630.73,0
823,15778998,Jones,557,Germany,Male,81,1,206616.15,1,0,1,26666.35,1
824,15874907,Johnson,398,France,Female,25,3,139422.17,3,0,0,84392.05,1
825,15749456,Davis,503,France,Male,73,1,13652.58,1,1,1,145531.13,0
826,15791172,Davis,696,Germany,Female,77,9,242961.33,3,0,0,135290.42,1
827,15960286,Williams,642,Spain,Male,27,4,128153.81,4,1,0,128693.13,0
828,15740932,Williams,417,Germany,Female,56,6,72719.21,4,0,0,63682.76,1
829,15835365,Miller,399,France,Male,45,0,117351.71,1,0,0,81824.74,1
830,15942786,Garcia,501,Germany,Male,66,9,214464.45,3,0,0,29559.77,0
831,15650612,Brown,368,Germany,Male,53,9,76225.78,1,1,0,146614.34,1
832,15885718,Jones,449,France,Male,30,6,48169.1,3,1,1,105738.87,1
833,15885668,Garcia,409,Germany,Male,53,9,32267.81,3,1,0,144665.47,1
834,15800244,Smith,516,Germany,Male,43,5,74464.85,4,1,0,57299.27,0
835,15873060,Jones,551,Spain,Female,21,5,195012.02,4,1,0,71643.26,0
836,15604809,Garcia,694,Spain,Female,81,7,117906.59,3,0,1,73500.91,0
837,15763273,Jones,495,France,Female,55,7,56870.4,3,0,1,14891.06,0
838,15784402,Brown,752,France,Male,39,5,41546.25,3,1,0,74799.1,0
839,15744528,Smith,513,France,Male,19,2,83182.37,4,0,1,162627.87,1
840,15983432,Davis,807,Spain,Female,48,4,234981.09,4,0,0,180486.71,0
841,15638765,Davis,830,France,Male,28,1,85756.68,2,0,1,108461.48,0
842,15907250,Brown,788,France,Male,63,4,247031.02,3,0,0,96545.32,0
843,15916076,Miller,591,France,Male,79,8,121307.61,2,1,1,15856.68,1
844,15919235,Smith,418,Spain,Male,86,9,44790.98,3,0,1,177048.82,1
845,15621949,Johnson,524,Germany,Male,81,0,222785.02,4,1,1,12471.94,0
846,15801152,Garcia,398,France,Female,27,9,115088.84,2,1,0,189502.52,1
847,15899888,Smith,832,Germany,Female,57,4,177417.84,2,0,0,102951.09,1
848,15776615,Miller,457,France,Female,41,5,245927.9,1,1,0,74967.55,1
849,15970463,Miller,575,Germany,Female,61,10,12543.84,3,0,1,185601.5,1
850,15692193,Brown,510,Spain,Female,77,6,24173.64,4,0,1,14634.29,0
851,15636187,Jones,468,Spain,Male,79,8,180114.19,1,0,0,120470.73,0
852,15738311,Smith,498,France,Male,34,5,70456.25,1,1,1,114297.18,1
853,15986598,Garcia,814,Germany,Male,82,4,46075.35,3,1,0,51670.88,1
854,15876633,Smith,499,Spain,Male,74,6,9840.47,1,1,0,91488.61,1
855,15789089,Williams,781,France,Female,72,0,5461.68,3,0,0,133930.16,1
856,15661877,Jones,642,France,Female,70,10,193621.4,1,0,0,148154.93,0
857,15912066,Garcia,492,Spain,Female,73,4,33608.36,3,0,1,10136.2,1
858,15694074,Davis,768,Spain,Male,26,1,116930.15,4,1,1,188002.15,0
859,15763121,Garcia,825,France,Female,39,3,151474.2,3,0,1,41259.82,1
860,15637131,Johnson,804,Germany,Male,30,6,107087.95,3,0,0,54380.28,0
861,15715765,Brown,509,Germany,Female,65,4,6776.66,2,1,1,60059.95,1
862,15936107,Johnson,360,Germany,Female,35,5,195875.38,4,1,0,17185.83,0
863,15706884,Garcia,487,France,Male,57,1,2628.31,4,1,0,33379.9,0
864,15725917,Jones,806,Spain,Male,34,2,190472.47,4,0,0,197406.49,0
865,15886429,Smith,427,France,Female,32,6,223326.12,1,0,0,69891.18,1
866,15899770,Davis,426,Spain,Female,32,10,108209.98,2,0,0,31907.21,0
867,15773880,Smith,790,Germany,Male,80,1,133885.62,4,1,0,30328.34,1
868,15881342,Jones,603,Germany,Female,56,5,119245.85,1,1,1,146697.39,0
869,15615254,Garcia,758,Spain,Female,30,4,97302.15,1,1,1,172368.05,0
870,15644238,Miller,607,Spain,Male,49,9,221856.13,1,1,1,58820.94,1
871,15601252,Smith,669,France,Female,26,0,223483.38,2,0,1,13972.81,0
872,15901908,Miller,640,Germany,Male,57,10,83954.09,1,0,0,52387.1,1
873,15939853,Smith,612,France,Female,37,9,153767.44,2,0,0,20737.98,1
874,15915826,Smith,434,France,Male,90,10,231726.89,3,0,1,29645.04,1
875,15921638,Davis,495,France,Female,80,3,240514.62,1,0,1,91986.54,1
876,15681317,Brown,672,Germany,Male,61,10,127239.76,4,0,1,53684.49,0
877,15927359,Brown,391,France,Female,55,1,113206.2,1,0,1,108029.72,0
878,15678587,Williams,723,France,Male,77,3,69673.58,3,0,1,58163.81,1
879,15606949,Johnson,474,France,Female,88,0,239717.97,3,1,1,188702.09,0
880,15838897,Jones,516,France,Female,65,1,35703.58,1,1,1,182129.35,0
881,15917537,Jones,774,France,Female,35,7,144957.39,3,0,1,117693.16,1
882,15804625,Jones,590,France,Female,33,5,70637.57,2,1,0,77340.56,0
883,15738013,Williams,808,Germany,Female,72,1,69752.07,2,0,0,82417.91,1
884,15625934,Brown,836,France,Female,56,5,101242.15,1,0,0,88251.93,0
885,15856434,Garcia,629,Spain,Female,85,9,249698.23,2,1,0,148240.07,0
886,15937889,Miller,537,France,Female,76,8,13741.58,2,0,1,95811.41,1
887,15956600,Davis,651,France,Female,79,6,144635.45,4,0,0,172778.69,0
888,15915557,Miller,368,Germany,Male,30,8,20643.04,1,0,1,189378.01,0
889,15959383,Garcia,417,Germany,Male,23,4,38630.21,3,0,0,73829.77,1
890,15904462,Davis,567,Spain,Female,77,6,109890.74,1,0,1,116531.95,0
891,15850875,Williams,451,Spain,Male,31,10,127615.03,2,0,1,28060.74,1
892,15670390,Garcia,391,Germany,Female,71,6,64698.1,4,0,0,48089.12,0
893,15783401,Jones,637,Germany,Female,21,2,79114.28,1,1,0,88558.5,1
894,15853490,Johnson,516,France,Male,56,6,21741.76,1,1,1,49178.52,1
895,15643088,Smith,458,Germany,Female,89,0,75804.95,2,0,1,176546.49,1
896,15847940,Miller,843,Spain,Female,42,8,241639.61,2,1,1,40074.39,1
897,15965340,Brown,385,France,Male,49,9,236176.85,1,0,0,96575.56,1
898,15917623,Brown,581,Spain,Male,76,5,83719.57,2,0,0,125082.86,0
899,15816464,Williams,578,France,Female,80,4,142713.48,2,0,1,141454.14,0
900,15818441,Davis,702,Germany,Male,55,6,227398.85,2,0,0,82783.18,1
901,15882107,Brown,513,Spain,Male,70,4,1545.96,2,1,1,175128.82,0
902,15917267,Jones,736,France,Female,84,9,202670.89,2,1,0,117980.64,1
903,15725911,Miller,422,France,Male,45,4,237092.39,4,1,0,93506.48,0
904,15964612,Garcia,485,Germany,Male,20,10,22831.43,2,1,0,22775.72,0
905,15823777,Jones,702,Germany,Female,39,9,40361.92,3,0,0,98291.0,1
906,15935621,Williams,728,Germany,Male,55,10,240186.58,1,1,0,165939.81,1
907,15876532,Jones,419,Spain,Male,89,6,134385.04,4,0,1,126762.79,0
908,15605569,Garcia,774,France,Female,89,9,3549.16,4,0,1,168110.87,0
909,15669836,Johnson,836,Germany,Female,79,6,64408.0,2,1,0,103862.22,1
910,15704573,Williams,545,Spain,Female,74,10,112485.92,1,0,1,32507.72,0
911,15858090,Johnson,618,Spain,Male,23,2,173227.23,3,1,1,12591.57,0
912,15743087,Smith,398,Spain,Female,49,2,183290.09,2,1,0,67611.71,1
913,15645002,Johnson,665,Germany,Female,27,9,248855.38,1,1,1,142618.19,0
914,15847666,Smith,479,Germany,Male,20,2,71877.8,2,1,0,160149.38,1
915,15737326,Smith,793,France,Female,76,5,134555.03,2,1,1,66193.04,1
916,15755286,Johnson,354,France,Female,66,5,133330.89,2,0,1,104174.24,1
917,15811791,Williams,777,Germany,Female,76,2,101411.31,2,1,1,90012.59,0
918,15802846,Davis,376,Spain,Female,48,2,42290.47,2,1,1,87999.33,0
919,15737162,Garcia,509,Spain,Male,86,7,244364.14,2,0,1,53956.26,1
920,15742709,Jones,498,Spain,Female,79,7,213329.3,2,1,1,35910.51,1
921,15753487,Jones,613,France,Female,69,6,124583.26,3,1,1,47370.83,0
922,15624071,Garcia,579,Spain,Male,58,9,150811.36,4,0,0,20513.15,0
923,15658243,Miller,549,France,Female,48,3,56815.26,3,0,0,47644.84,0
924,15987971,Miller,399,France,Male,39,3,135946.77,2,1,0,11748.17,1
925,15970359,Smith,416,Spain,Male,21,2,173742.53,2,0,0,129179.1,1
926,15772312,Smith,649,Spain,Male,30,4,128791.76,3,1,1,70111.33,0
927,15857218,Williams,730,Germany,Female,62,2,247571.29,3,0,1,194897.5,0
928,15814879,Brown,407,Germany,Male,59,7,152835.41,4,1,1,46806.24,0
929,15963714,Johnson,608,Spain,Male,66,6,92743.43,3,1,0,75707.43,1
930,15931868,Smith,691,France,Male,37,2,193038.01,4,1,0,77989.82,1
931,15977503,Jones,675,France,Female,71,8,42615.63,2,0,0,11605.78,0
932,15937841,Williams,479,France,Female,53,4,96128.95,1,1,1,169449.51,0
933,15628732,Johnson,564,France,Female,18,8,86739.74,1,0,0,16078.95,1
934,15721465,Williams,521,France,Female,32,6,107951.77,1,1,1,188634.17,1
935,15657108,Johnson,607,Germany,Female,34,6,195444.96,1,1,0,179494.13,0
936,15711195,Johnson,451,Spain,Female,41,5,121043.26,2,1,1,111749.16,0
937,15965225,Garcia,558,Germany,Female,75,1,198503.61,1,1,0,113283.16,0
938,15636668,Smith,640,France,Male,89,8,144122.23,3,1,1,134217.81,1
939,15885205,Davis,703,France,Male,40,5,85517.36,3,0,0,83539.5,0
940,15941396,Williams,820,France,Male,63,7,202494.69,1,0,0,132972.23,1
941,15639749,Davis,635,France,Male,89,0,59572.42,3,0,1,18505.99,1
942,15730560,Williams,465,Spain,Female,25,4,56095.74,4,1,1,20269.05,0
943,15966824,Garcia,613,France,Male,76,0,126125.73,2,1,0,96873.78,0
944,15747979,Jones,499,Spain,Male,76,9,65212.31,1,0,1,114428.24,1
945,15749849,Davis,649,France,Male,30,10,2271.76,1,1,0,178685.35,0
946,15824301,Jones,791,Spain,Male,56,7,162074.38,2,1,1,29885.52,1
947,15651745,Miller,385,Germany,Female,45,7,127773.46,3,1,0,166303.11,0
948,15970608,Smith,802,France,Female,78,0,111379.45,2,0,1,49908.99,0
949,15691865,Smith,682,Spain,Female,33,8,241742.13,2,0,0,84875.89,0
950,15974572,Brown,826,Germany,Male,19,1,142799.8,3,0,0,70154.46,0
951,15812890,Garcia,636,France,Female,34,8,215857.89,2,0,0,86029.5,1
952,15623624,Jones,652,France,Male,47,0,34862.56,3,0,1,38594.14,1
953,15623321,Johnson,660,France,Female,30,9,142301.62,3,1,0,105678.31,1
954,15884718,Williams,557,Spain,Female,30,8,216994.91,2,1,1,162312.09,0
955,15998456,Smith,455,Spain,Female,60,3,145776.44,4,1,1,93891.46,1
956,15774293,Davis,795,Germany,Female,38,8,179503.54,3,1,1,103216.58,1
957,15859127,Williams,507,Spain,Female,72,6,93010.89,2,0,0,171265.84,1
958,15786717,Williams,470,Spain,Male,57,10,23112.38,3,0,1,144151.04,0
959,15980975,Brown,404,France,Female,32,5,114475.07,4,1,1,103186.34,1
960,15783868,Jones,749,France,Male,90,4,98619.85,4,0,1,58962.17,0
961,15735504,Smith,361,France,Male,69,10,216765.05,1,1,0,178136.08,0
962,15695257,Williams,494,France,Male,91,8,60998.83,3,1,1,119633.88,1
963,15664291,Smith,749,France,Male,70,1,241683.56,3,1,1,52018.05,0
964,15810176,Johnson,745,France,Male,69,10,239534.53,2,1,1,61132.75,1
965,15790471,Brown,485,France,Female,47,1,61907.91,3,0,1,162595.29,1
966,15989744,Johnson,817,Germany,Female,50,10,87012.99,1,1,0,18387.66,1
967,15912572,Smith,352,Germany,Female,74,8,223888.94,4,0,0,198497.52,1
968,15818803,Miller,493,Germany,Female,69,2,241655.56,4,1,1,34766.82,1
969,15993518,Davis,379,Germany,Male,26,7,110859.78,1,1,1,161253.02,0
970,15993271,Smith,586,France,Female,71,10,80249.26,3,1,1,85007.31,1
971,15711317,Jones,628,Germany,Female,18,8,131523.5,3,1,1,103521.07,0
972,15739789,Williams,697,France,Male,61,7,171942.3,1,0,0,177323.61,1
973,15989593,Williams,464,Germany,Male,26,3,68368.63,2,1,0,88453.13,1
974,15890843,Johnson,453,Spain,Female,49,0,184118.29,4,0,0,112123.81,1
975,15673686,Davis,467,Germany,Female,32,3,12914.34,1,1,0,19366.94,0
976,15667661,Brown,354,Germany,Male,29,8,12323.62,1,1,1,10446.02,0
977,15644247,Miller,817,France,Female,74,1,96571.93,3,1,1,56511.98,0
978,15845121,Garcia,709,Germany,Female,25,2,88368.3,4,0,0,139310.79,0
979,15747820,Davis,597,Spain,Female,89,9,78908.3,3,1,0,33040.33,1
980,15967257,Williams,713,France,Female,44,7,122754.94,1,1,1,31614.77,1
981,15866765,Jones,670,France,Male,79,5,80183.4,2,1,1,88082.52,0
982,15746106,Davis,470,Germany,Male,29,7,48064.48,4,1,1,133089.04,0
983,15858930,Johnson,635,France,Male,82,6,77367.39,1,1,1,145293.68,0
984,15998342,Johnson,498,France,Female,59,4,243726.07,1,0,1,43905.63,1
985,15736194,Garcia,433,France,Female,79,8,102778.35,2,0,0,25121.75,0
986,15880174,Jones,803,France,Female,28,3,111178.19,1,1,0,188675.44,0
987,15944982,Brown,755,France,Female,60,5,144136.25,1,1,1,59526.61,1
988,15946861,Davis,815,France,Female,34,1,245835.19,4,0,1,172135.83,0
989,15638638,Jones,805,Spain,Male,49,1,60400.32,4,1,0,174063.38,1
990,15929211,Brown,580,Germany,Female,57,1,170320.53,4,0,1,156779.29,1
991,15718033,Jones,637,Spain,Female,40,9,178996.17,3,1,0,42078.39,1
992,15705977,Jones,510,France,Male,73,6,151831.1,2,1,0,166142.28,1
993,15688869,Smith,621,France,Female,23,1,22144.58,4,0,0,156157.61,1
994,15705186,Johnson,809,Germany,Male,67,1,169218.07,3,1,0,123377.37,0
995,15896818,Davis,387,Spain,Male,54,8,16023.68,3,0,1,74068.39,0
996,15766926,Jones,849,Germany,Male,81,6,149035.66,2,0,1,59876.63,1
997,15646271,Davis,575,Spain,Male,71,10,184895.29,2,0,0,33158.95,1
998,15935832,Garcia,491,France,Male,89,2,52742.47,1,1,1,106853.84,0
999,15973220,Jones,641,Germany,Female,66,2,210405.5,3,0,1,121199.57,0
1000,15741339,Williams,830,Germany,Male,28,6,7588.45,4,0,1,78274.41,1
